prog_name,hours_total,hours_prac,online,difficulty,min_listeners,max_listeners,taxonomy,expected_taxonomy_match,positive_reviews,neutral_reviews,negative_reviews
способ и средство защита информация от несанкционированный доступ в условие цифровой трансформация,72,72,True,продвинуть,10,10,0.07969151670951158,0.5714285714285714,15,60,4
« онлайн-ритейл менеджмент . сопровождение вывод товар и они продвижение на ведущий маркетплейс россия »,72,41,True,начальный,100,100,0.06275303643724696,1.0,0,0,0
""" цифровой маркетинг . digital маркетолог-профессия будущег """,72,0,True,базовый,20,3000,0.047428189712758854,1.0,0,0,0
системный администратор,72,0,True,базовый,8,1000,0.10796915167095114,0.2857142857142857,114,335,36
машинный обучение . начальный уровень,72,66,True,начальный,100,999,0.14362057448229792,1.0,0,0,0
промышленный дизайн в система cad,72,65,True,базовый,100,120,0.025303643724696356,0.5,38,114,5
« создание приложение дополнить реальность ( ar ) »,72,60,True,базовый,8,30,0.11377245508982037,1.0,0,0,0
« применение язык программирование python в социальный сфера »,72,60,True,базовый,8,30,0.08082832331329326,1.0,0,0,0
« программирование на python для начинающий »,72,56,True,базовый,8,30,0.07949231796927188,1.0,0,0,0
основа программирование и конфигурирование в корпоративный информационный система на пример технологический платформа « 1 с : предприятие 8.3 »,72,57,True,начальный,5,40,0.01815904821540388,1.0,0,0,0
основа цифровой дизайн,72,72,True,начальный,1,1000,0.060000000000000005,0.5,86,209,32
современный технология разработка web-приложений,72,60,True,базовый,100,120,0.13760855043420178,1.0,0,0,0
современный средство исследование и моделирование электрический схема и устройство на основа микроконтроллер,72,72,True,базовый,100,120,0.05143620574482297,0.375,17,70,7
"современный технология проектирование , разработка и сопровождение информационный система",72,57,True,базовый,100,120,0.1015364061456246,1.0,0,0,0
разработка приложение для мобильный устройство,72,50,True,базовый,100,120,0.07748830995323983,0.7272727272727273,6,30,2
администрирование локальный вычислительный сеть в корпоративный сектор,72,60,True,базовый,100,120,0.0561122244488978,0.5,40,120,11
бизнес-планирование в условие цифровой экономика,72,36,True,базовый,1,999,0.005714285714285714,0.0,26,102,4
цифровой обработка данные на язык pascal,72,0,True,базовый,1,300,0.04590818363273454,1.0,0,0,0
цифровой обработка данные при помощь сбис,72,0,True,базовый,1,300,0.07455012853470437,1.0,0,0,0
цифровой обработка данные,72,0,True,базовый,1,300,0.07455012853470437,0.6666666666666666,4,17,0
цифровой экономика : инновационный решение для бизнес,72,52,True,базовый,5,30,0.047589229805886035,1.0,0,0,0
дополнительный профессиональный программа повышение квалификация « квантовый технология »,72,36,True,базовый,100,2000,0.004676018704074816,1.0,0,0,0
использование язык python для анализ данные,72,0,True,базовый,5,100,0.1977287909151637,1.0,0,0,0
проектирование в среда t-flex cad,72,70,True,базовый,5,25,0.021956087824351298,1.0,0,0,0
« digital-маркетинг и продвижение в социальный медиа »,72,55,True,базовый,10,50,0.045714285714285714,1.0,0,0,0
метод искусственный интеллект в кибербезопасность,72,50,True,базовый,100,100,0.134936539746159,0.36363636363636365,6,20,1
применение принцип glp к компьютеризированный система . начальный уровень,72,60,True,начальный,100,999,0.00708502024291498,1.0,0,0,0
машинный обучение и data science . начальный уровень,72,66,True,начальный,100,999,0.14362057448229792,1.0,0,0,0
цифровой веб-дизайн . лендинг в маркетинг и что влиять на продажа,72,51,True,базовый,8,1000,0.060000000000000005,1.0,0,0,0
"нейротехнология , виртуальный и дополнить реальность",72,36,True,начальный,100,100,0.1536926147704591,1.0,0,0,0
"сборка и измерение параметр радиотехнический система , устройство и блок в соответствие с технический документация",72,38,True,базовый,12,25,0.004676018704074816,1.0,0,0,0
автомобильный электроника,72,42,True,базовый,100,200,0.008016032064128256,1.0,0,0,0
силовой электроника в электроэнергетика,72,42,True,базовый,100,200,0.008016032064128256,1.0,0,0,0
"postgresql : проектирование база данные , написание запрос и оптимизация",72,48,True,продвинуть,10,30,0.06324358171571696,1.0,0,0,0
python для анализ данные,72,50,False,базовый,100,100,0.22845691382765534,0.6363636363636364,10,67,14
security champion,72,50,True,продвинуть,30,100,0.09285237140948563,0.0,2,8,1
smm . продвижение через социальный сеть,72,38,True,,1,200,0.0006680026720106881,1.0,0,0,0
цифровизация производственный и управленческий процесс,72,42,True,продвинуть,1,100000,0.08997429305912598,1.0,0,0,0
« защитить веб разработка » ( далее web application security analysis ( advanced ),72,50,True,базовый,30,100,0.04074816299265198,1.0,0,0,0
разработка мобильный приложение,72,54,True,продвинуть,1,100000,0.04876419505678024,0.8,21,55,2
разработка веб-приложение,72,52,True,продвинуть,1,100000,0.04676018704074817,0.8,47,161,18
интеллектуальный информационно -измерительные система,72,36,True,начальный,100,200,0.043912175648702596,1.0,0,0,0
профессиональный интернет маркетинг,72,0,True,начальный,100,300,0.002004008016032064,1.0,0,0,0
цифровой рекрутинг,72,36,True,базовый,10,100,0.10153640614562456,0.125,33,69,9
аналитик bi : основа профессия,72,72,True,начальный,10,10000,0.20546558704453446,1.0,0,0,0
функциональный программирование,72,56,True,базовый,1,10000,0.05655526992287918,1.0,0,2,0
диагностика причина возможный неисправность и отказ система автоматизация и выбор метод и способ они устранение,72,72,True,продвинуть,10,50,0.029940119760479042,0.0,3,11,0
производство изделие с использование аддитивный технология,72,61,True,базовый продвинуть,5,100,0.022857142857142857,0.3333333333333333,3,14,1
аналитик данные на предприятие и в бизнес с использование big data,72,36,True,базовый,5,100,0.10222672064777327,1.0,0,0,0
английский язык для программист,72,72,True,начальный,100,999,0.007348029392117569,1.0,0,0,0
аппаратный средство и основа программный обеспечение программировать логический контроллер simatic s 7-300/400/1500,72,36,True,начальный,1,200,0.08299595141700404,1.0,0,0,0
тестирование и контроль качество программный обеспечение . базовый курс,72,56,True,базовый,1,30,0.06275303643724696,1.0,0,0,0
безопасность компьютерный система,102,86,True,базовый,10,15,0.010282776349614395,1.0,4,20,0
больший данные,72,70,True,базовый,15,60,0.1690046760187041,0.55,34,120,14
введение в веб-разработка,72,56,True,начальный,10,20,0.01736806947227789,0.5,3,14,7
введение в искусственный интеллект,72,50,False,базовый,30,30,0.015364061456245824,0.3333333333333333,3,11,2
введение в машинный обучение,72,50,False,базовый,30,30,0.08149632598530393,1.0,0,0,0
веб-дизайн и разработка,72,46,True,начальный,10,100,0.020708082832331328,0.6666666666666666,25,43,5
введение в big data : анализ естественный язык и взаимодействие пользователь,72,36,True,базовый,30,60,0.16906700062617408,1.0,0,0,0
радиофизический метод исследование фундаментальный характеристика окружать среда,72,72,True,базовый,2,15,0.03072812291249165,1.0,0,0,0
автоматизация бизнес-процесс посредством ms excel,72,72,True,базовый,10,20,0.18319838056680163,1.0,0,0,0
искусственный интеллект и его приложение,72,68,True,базовый,10,20,0.12491649966599865,0.4,7,29,8
интеллектуальный анализ данные социальный сеть,72,36,True,базовый,30,100,0.14402003757044457,0.46153846153846156,2,12,0
автоматизация бизнес-процесс посредством ms excel,72,72,True,базовый,10,20,0.18319838056680163,1.0,0,0,0
цифровой маркетинг в спортивный организация,72,68,True,базовый,15,250,0.016700066800267203,1.0,0,0,0
графический дизайн,72,50,True,начальный,10,20,0.04285714285714286,0.3333333333333333,149,316,39
графический дизайнер в adobe photoshop . начальный уровень,72,48,True,начальный,100,999,0.011428571428571429,1.0,0,0,0
photoshop в дизайн для smm,72,49,True,базовый,6,50,0.005714285714285714,1.0,24,52,6
защита информация,96,48,True,базовый,10,15,0.012523481527864744,0.5,4,12,1
защита информация,72,36,True,начальный,1,200,0.042579837194740136,0.25,4,12,1
электронный документооборот,72,0,True,базовый,100,10000,0.07712082262210795,1.0,0,0,0
информационно-коммуникационный технология в педагогический деятельность,72,40,True,начальный,1,200,0.006680026720106882,0.8,44,130,8
назначение и основной возможность решение прикладной задача с использование нечеткий множество,72,40,True,базовый,5,100,0.0807764558547276,1.0,0,0,0
интернет вещь . level 0,72,36,True,начальный,1,200,0.1346153846153846,1.0,0,0,0
интернет маркетинг,72,70,True,базовый,15,60,0.05857142857142857,0.25,122,404,28
искусственный интеллект,72,60,True,базовый,15,60,0.0718562874251497,0.4,8,27,2
"искусственный интеллект и нейротехнология для "" чайник """,72,50,True,начальный,8,30,0.15030060120240482,1.0,0,0,0
инструмент и технология моделирование и анализ больший данные,72,54,True,базовый,15,300,0.23313293253173017,0.625,132,340,32
система мониторинг zabbix,72,53,True,базовый продвинуть,1,30,0.03740814963259853,0.8333333333333334,10,37,4
метод несанкционированный доступ к информация и противодействие они,72,38,True,базовый,10,1000,0.023279352226720645,0.5,1,10,0
метод несанкционированный доступ к информация и противодействие они,72,38,True,базовый,1,100,0.023279352226720645,0.5,1,10,0
разработка android-приложений на язык kotlin,72,40,True,начальный,15,1000,0.0661322645290581,0.8181818181818182,0,7,0
разработка android-приложений на язык kotlin,72,40,True,начальный,15,1000,0.0661322645290581,0.8181818181818182,0,7,0
fusion 360 как система автоматизировать проектирование . введение,72,38,True,начальный,1,100,0.08183632734530938,1.0,0,0,0
fusion 360 как система автоматизировать проектирование . введение,72,48,True,начальный,10,1000,0.08183632734530938,1.0,0,0,0
smm-специалист по продвижение товар и услуга,72,49,True,начальный,20,1000,0.07969151670951156,0.0,38,86,7
smm-специалист по продвижение товар и услуга,72,49,True,начальный,10,1000,0.038196618659987476,0.0,38,86,7
« интеллектуальный собственность в цифровой экономика »,72,50,True,базовый,1,100,0.019372077488309953,1.0,0,0,0
безопасность в медиапространство,72,58,True,начальный,15,1000,0.02943018159048215,0.25,6,18,0
« основа безопасный веб-разработка »,72,57,True,базовый,1,100,0.08082832331329323,1.0,0,0,0
« основа безопасный веб-разработка »,72,57,True,базовый,10,1000,0.08082832331329323,1.0,0,0,0
основа программирование и анализ данные на python,72,60,True,начальный,20,1000,0.1356045424181697,0.8333333333333334,46,157,20
« управление цифровой проект »,72,58,True,базовый,1,100,0.0033400133600534404,1.0,0,0,0
« управление цифровой проект »,72,58,True,базовый,1,100,0.0033400133600534404,1.0,0,0,0
цифровой трансформация предприятие сфера малый и средний бизнес,72,58,True,продвинуть,1,100,0.06426735218508997,0.42857142857142855,2,6,1
« цифровой предпринимательство »,72,58,True,базовый,1,100,0,1,0,0,0
цифровой технология в апк,72,58,True,базовый,1,100,0.01417004048582996,0.5,12,42,4
цифровизация бизнес : перевод бизнес в интернет-пространство,72,52,True,базовый,1,100,0.04251012145748988,1.0,0,0,0
программирование на язык java . базовый курс,72,49,True,базовый,1,30,0.14652956298200515,1.0,0,0,0
основа маршрутизация и коммутация,72,54,True,базовый,1,30,0.04208416833667335,0.0,9,34,1
введение в сетевой технология,72,54,True,начальный,1,30,0.05788423153692615,0.3333333333333333,6,16,1
it essentials,72,54,True,начальный,1,30,0.06940874035989716,1.0,0,0,0
введение в квантовый технология,72,50,False,базовый,30,30,0.0033400133600534404,1.0,0,0,0
кибербезопасность и кибергигиена : level 0 .,72,36,True,начальный,1,200,0.05668016194331984,1.0,0,0,0
информационно-измерительный технология с элемент искусственный интеллект в условие промышленный цифровизация,72,36,True,продвинуть,6,50,0.03792415169660679,1.0,5,25,3
метод анализ данные и машинный обучение,72,64,True,продвинуть,10,45,0.25,0.45454545454545453,2,9,0
обеспечение безопасность персональный данные при они обработка в информационный система персональный данные,72,45,True,базовый,5,15,0.010282776349614395,1.0,4,13,2
облачный технология в образование,72,56,True,начальный,10,20,0.007712082262210797,1.0,26,64,2
digital маркетинг,72,60,True,начальный,5,20000,0.06428571428571428,0.4,98,258,23
seo-продвижение,72,58,True,начальный,5,20000,0.021376085504342016,0.0,3,12,1
smm-маркетинг,72,52,True,начальный,5,20000,0.031936127744510975,0.0,45,130,12
подготовка страховой представитель 2 уровень в сфера обязательный медицинский страхование,72,48,True,базовый,100,250,0.030848329048843184,1.0,0,0,0
основа обработка больший данные в ms excel,72,48,True,базовый,5,300,0.09643080776455853,0.8571428571428571,38,95,13
цифровизация в бизнес и как к она подойти,72,56,True,начальный,5,20000,0.057692307692307696,1.0,0,0,0
""" введение в технология : искусственный интеллект и больший данные . основа использование цифровой технология в мчс : теория и практический кейс """,72,50,True,начальный,10,2000,0.11336032388663968,1.0,0,0,0
интеллектуальный транспортный система,72,34,True,базовый,100,1000,0.14271255060728746,0.5,8,24,0
разработка мобильный приложение для android,72,42,True,базовый,15,1000,0.010688042752171008,0.6,54,120,9
digital – маркетинг для продвижение компания,72,52,True,базовый,10,35,0.033813400125234816,1.0,0,0,0
графический дизайн,72,48,True,базовый,10,30,0.016194331983805668,1.0,149,316,39
интернет вещь : основа для разработчик и пользователь it-технологий,72,52,True,базовый,10,100,0.21477770820288036,1.0,0,0,0
"квантитативный метод , искусственный интеллект и информационный технология в лингвистический исследование",72,56,True,базовый,10,35,0.05611222444889779,1.0,0,0,0
основа личный и корпоративный кибербезопасность в цифровой экономика,72,50,True,базовый,30,100,0.06786427145708582,0.5,19,57,6
"планирование , создание и организация работа медицинский учреждение в условие цифровизация",72,52,True,базовый,10,100,0.04113110539845759,1.0,0,0,0
управление личный и корпоративный финансы в условие цифровой экономика,72,48,True,базовый,10,100,0.15789473684210528,0.5,20,71,0
цифровизация в государственный и муниципальный управление : анализ и прогнозирование big data,72,50,True,базовый,10,200,0.14574898785425103,1.0,0,0,0
цифровизация система управление оптовый продажа,72,45,True,базовый,10,100,0.07388663967611335,0.6666666666666666,16,45,4
цифровой сервис маркетинг и управление продажа на платформа 1 с,72,43,True,базовый,10,35,0.03592814371257485,0.3333333333333333,23,55,4
основа графический дизайн,72,52,True,начальный,10,100,0.0012523481527864746,0.0,27,53,4
основа информационный безопасность . начальный уровень .,72,65,True,начальный,100,999,0.014696058784235137,1.0,0,0,0
основа организация движение робот,72,42,True,базовый,20,25,0.008684034736138945,1.0,0,0,0
основа программирование на python,72,50,False,базовый,30,30,0.10796915167095116,0.7142857142857143,57,185,34
основа проектирование база данные,72,0,True,базовый,8,12,0.09267376330619913,0.375,3,7,0
основа работа в ms visio,72,41,True,базовый,10,100,0,1,3,9,0
основа информационный безопасность для пользователь,72,52,True,начальный,10,100,0.021376085504342016,0.0,6,30,0
2 d + 3 d моделирование в autocad,72,58,True,начальный,10,100,0.0013360053440213762,1.0,0,0,0
кибербезопасность : обеспечение психологический безопасность в киберпространство,72,36,True,начальный,10,1000,0.024716098864395457,1.0,0,0,0
разработка web-приложений,108,48,True,базовый,25,100,0.06880427521710088,1.0,0,0,0
"блокчейн : цель , бизнес-модель и регулирование",72,36,True,начальный,10,1000,0.019372077488309953,1.0,0,0,0
3 d-моделирование и подготовка производство в условие цифровой трансформация бизнес,72,60,True,базовый,10,220,0.029940119760479042,1.0,1,10,0
3 d моделирование в проектирование и строительство здание и сооружение : сопровождение проектный решение с помощь технология виртуальный и дополнить реальность .,72,0,True,базовый,25,100,0.05,1.0,0,0,0
информационный моделирование здание ( bim ),72,54,True,начальный,10,220,0.004676018704074816,1.0,0,0,0
информационный моделирование здание и сооружение ( bim-технологии ),72,0,True,базовый,25,100,0.012024048096192385,1.0,0,0,0
машинный обучение для обработка медико-биологический данные,72,50,True,базовый,10,100,0.049432197728790914,0.42857142857142855,6,25,3
графический дизайнер в coreldraw,72,47,True,базовый,100,999,0.005714285714285714,1.0,17,36,4
разработка приложение с использование язык c #,72,67,True,продвинуть,20,100,0.05544422177688711,1.0,0,0,0
digital-маркетинг для центр опережать профессиональный подготовка,72,50,True,базовый,40,100,0.008016032064128258,0.5,3,3,1
разработка приложение с использование язык java,72,67,True,продвинуть,20,100,0.07197943444730077,1.0,40,102,12
основа преподавание linux для администратор,72,52,True,базовый,5,15,0.027388109552438207,0.5,0,3,0
"основа создание игра , бот , сайт с использование язык python",72,51,True,продвинуть,20,100,0.11823647294589178,1.0,0,0,0
маркетинг в социальный сеть . инстаграм,72,53,True,продвинуть,20,200,0.008684034736138945,1.0,0,0,0
безопасность it-структуры,72,0,True,базовый,100,150,0.03598971722365038,0.25,5,16,1
сетевой администрирование в телекоммуникация,72,72,True,базовый,100,120,0.07712082262210797,0.7142857142857143,51,126,12
цифровой дизайн образовательный ресурс,72,72,True,базовый,100,120,0.10931174089068825,1.0,49,128,11
« администрирование операционный система linux »,72,34,True,базовый,25,100,0.06683804627249357,1.0,0,0,0
программирование глубокий нейронный сеть на python,72,46,True,базовый,25,750,0.23780895123580498,0.29411764705882354,3,8,1
« компьютерный верстка многостраничный издание ( adobe indesign ) »,72,72,True,базовый,100,100,0.007984031936127744,1.0,0,0,0
основа работа в adobe photoshop,72,72,True,начальный,100,100,0.005714285714285714,1.0,152,263,34
аддитивный технология,72,0,True,базовый,25,100,0.047142857142857146,0.5,10,52,0
дизайн цифровой мультимедийный система,72,54,True,начальный,10,20,0.037142857142857144,0.5,3,6,0
разработка приложение реальный время и программирование микросхема плис в labview . платформа compactrio .,72,42,True,продвинуть,3,20,0.11311053984575835,1.0,0,0,0
программный среда labview и технология national instruments для задача проектирование устройство обработка сигнал современный телекоммуникационный и информационный система,72,36,True,начальный,3,20,0.06683804627249358,1.0,0,0,0
ключевой технология цифровой маркетинг,72,40,True,базовый,100,200,0.06940874035989716,0.0,15,38,1
« базовый интернет-маркетинг . smm продвижение »,72,65,True,базовый,100,1000,0.045714285714285714,1.0,0,0,0
цифровой медиа в образовательный процесс,72,50,True,базовый продвинуть,50,1000,0.07639323731997495,0.14285714285714285,45,167,16
дизайн экономический механизм на основа распределить реестр ( design of cryptoeconomic mechanisms ) »,72,0,True,начальный,20,100000,0.008016032064128258,1.0,0,0,0
введение в глубокий обучение,72,38,True,базовый,100,150,0.1917167668670675,0.6153846153846154,8,9,0
инструмент анализ данные и машинный обучение,72,54,True,базовый,100,120,0.08082832331329325,0.1,2,13,0
технология цифровой маркетинг в продвижение и позиционирование образовательный продукт,72,64,True,базовый,100,120,0.036072144288577156,0.25,20,81,10
event-продюсер ( киберспорт ),72,48,True,начальный,100,999,0.01736806947227789,1.0,0,0,0
искусственный интеллект в креативный индустрия,72,0,True,начальный,20,100000,0.033932135728542916,0.5,3,4,2
как управлять разработка мобильный приложение,72,72,True,продвинуть,4,1000,0.02004008016032064,0.75,28,55,11
кибербезопасность и защита данные,72,40,True,продвинуть,15,100,0.05189620758483034,1.0,15,32,1
комплексный защита информация,72,36,True,базовый,30,200,0.041916167664670656,1.0,20,71,9
инженерный расчет в программный комплекс лира,72,72,True,начальный,8,30,0.03598971722365038,0.25,9,32,2
промышленный дизайн и 3 d-моделирование,72,40,True,базовый,100,100,0,1,21,81,5
« разработка решение на платформа « 1 с : предприятие 8 ( с учет стандарт ворлдскиллс по компетенция « ит-решение для бизнес на платформа « 1 с : предприятие 8 » ) »,72,56,True,базовый,25,100,0.054285714285714284,1.0,0,0,0
разработка мобильный приложение,72,48,True,базовый,25,100,0.02672010688042752,0.8333333333333334,21,55,2
product management в it,72,0,True,начальный базовый продвинуть,100,1000,0.053440213760855046,0.8888888888888888,47,155,23
основа машинный обучение,72,36,True,продвинуть,10,10,0.14829659318637275,0.9166666666666666,45,136,15
основа машинный обучение,72,36,True,продвинуть,10,10,0.14829659318637275,0.9166666666666666,45,136,15
образовательный робототехника,72,0,True,начальный,1,200,0.01736806947227789,1.0,0,0,0
моделирование и программирование в ms excel,72,36,True,базовый,100,100000,0.045710707576706325,1.0,0,0,0
верстка сайт на html и css,77,77,True,начальный,1,1000,0.0020040080160320644,1.0,0,0,0
технология блокчейн и применение система распределенный реестр,72,42,True,начальный,2,1000,0.02313624678663239,1.0,0,0,0
обеспечение безопасность персональный данные при они обработка в информационный система персональный данные,72,38,True,базовый,3,2000,0.033813400125234816,0.8,4,13,2
основа база данные и sql,72,50,True,начальный,30,10000,0.06880427521710088,0.5,20,73,8
""" цифровой педагог "" : цифровой дизайн и интерактивный образовательный технология",72,36,True,базовый,1,10,0.025673137132122725,1.0,0,0,0
использование программный среда mathcad для обработка данные,72,56,True,базовый,1,300,0.1305668016194332,1.0,0,0,0
""" цифровой экономика и цифровой маркетинг """,72,36,True,начальный базовый продвинуть,1,10,0.011356045424181697,1.0,0,0,0
интернет-маркетинг,72,36,True,начальный,100,400,0.058860363180964305,1.0,0,0,0
дизайн сайт и проектирование веб-интерфейс,72,0,True,начальный,3,30,0.03571428571428572,0.5,4,14,0
разработка сайт на cms wordpress,72,36,True,начальный,1,100,0.009352037408149631,1.0,0,0,0
цифровой маркетинг и медиа : 360 градус профессия,72,68,True,базовый,20,2000,0.15485829959514172,1.0,0,0,0
big data в сфера конфессиональный взаимодействие,72,58,True,начальный,20,10000,0.1227301189730745,0.3333333333333333,2,8,0
big data в сфера этнокультурный,72,58,True,начальный,20,10000,0.1227301189730745,1.0,0,0,0
цифровой маркетинг и медиа,72,54,True,начальный,5,100,0.021956087824351298,0.0,66,184,21
работа с приложение microsoft office : уверенный пользователь,72,69,True,базовый,15,25,0.11639676113360325,1.0,0,0,0
excel для профессионал,72,0,True,продвинуть,3,30,0.02142857142857143,0.3333333333333333,8,63,9
метод статистический анализ и прогнозирование на язык r,72,36,True,продвинуть,10,100,0.08805668016194332,1.0,0,0,0
« проектирование приложение интернет вещь »,72,60,True,базовый,100,100,0.049432197728790914,1.0,0,0,0
python для анализ данные,72,50,True,базовый,30,10000,0.19372077488309958,0.7142857142857143,10,67,14
кибербезопасность и основа цифровой грамотность,72,72,True,базовый,5,300,0.08829054477144646,0.2,19,72,2
дополнительный профессиональный программа ( программа повышение квалификация ) « цифровой грамотность преподаватель »,72,72,True,базовый,100,300,0.11538461538461538,1.0,0,0,0
веб-дизайн и веб-разработка,72,0,True,начальный,3,30,0.05948653725735754,0.7777777777777778,51,154,22
web-программирование,72,72,True,базовый,100,120,0.029392117568470273,0.3333333333333333,14,34,3
« основа smm : работа в соцсеть от а до я »,72,70,True,базовый,20,60,0.06376518218623481,1.0,0,0,0
кибербезопасность и защита данные,72,69,True,базовый,20,35,0.06983805668016194,0.6666666666666666,15,32,1
основа управление продукт,72,50,True,начальный,6,10000,0.06078824315297262,0.3,70,230,29
администрирование инфокоммуникационный система предприятие,72,36,True,начальный,5,50,0.01603206412825651,0.5,9,26,3
архитектурно-строительный чертеж в программа autocad,72,70,True,базовый,3,1000,0.021956087824351298,1.0,0,0,0
безопасный криптовалюта : практика онлайн расследование,72,0,True,базовый,10,1000,0,1,0,0,0
введение в технология облачный вычисление,72,48,True,базовый,5,300,0.11311053984575836,0.5,5,29,1
исследование электронный устройство с использование аппаратно-программный комплекс national instruments,72,72,True,начальный,10,100,0.012523481527864744,1.0,0,0,0
веб-дизайн и разработка веб-приложение,72,66,True,базовый,8,500,0.02672010688042752,0.8333333333333334,59,167,34
верстка сайт « с нуль »,72,0,True,начальный,3,50,0.032857142857142856,1.0,0,0,0
технология обработка природный биологический материал и создание готовый изделие,72,0,True,начальный,10,10000,0.0006680026720106881,1.0,0,0,0
юридический сопровождение процесс внедрение и применение искусственный интеллект в условие цифровой экономика,72,60,True,повысить,1,100,0.1305668016194332,0.6,19,52,1
правовой сопровождение использование технология искусственный интеллект в сфера государственный и муниципальный управление,72,60,True,повысить,1,100,0.14271255060728746,0.5,10,28,0
интернет вещь,72,50,True,базовый,25,200,0.12210394489668126,1.0,0,0,0
программа повышение квалификация « искусственный интеллект »,72,60,True,начальный,1,1000,0.10220440881763526,1.0,0,0,0
информационный технология в биржевой торговля ( европейский опыт ),80,80,True,базовый,15,100,0.047570850202429155,1.0,0,0,0
метод доступ к данные и информационный поиск,72,54,True,базовый,25,750,0.11208515967438949,1.0,4,14,2
метод и алгоритм управление манипулятор с антропоморфный захват,72,0,True,продвинуть,100,500,0.05544422177688711,1.0,0,0,0
метод и алгоритм управление манипулятор с антропоморфный захват,72,0,True,продвинуть,100,500,0.05544422177688711,1.0,0,0,0
метод машинный обучение в техника и бизнес,72,52,True,продвинуть,10,100,0.11356045424181696,0.42857142857142855,2,8,1
наука о данные ( data science ),72,50,True,базовый,10,50,0.12398246712586102,1.0,0,0,0
обработка массив данные с использование язык высокий уровень,72,0,True,базовый,1,300,0.08740359897172237,1.0,0,0,0
проектирование в среда nanocad геоник,72,70,True,базовый,3,1000,0.041916167664670656,0.3333333333333333,3,5,0
основа работа с больший данные,72,46,True,базовый,100,1000,0.1366396761133603,1.0,0,0,0
основа цифровой дизайн в компьютерный презентация,72,48,True,базовый,5,300,0.014285714285714285,1.0,23,71,3
основа цифровой обработка сигнал,72,56,True,базовый,25,30,0.008684034736138945,0.5,0,3,0
« пищевой микробиология ( микробиологический основа технология производство продукт питание ) »,72,0,True,начальный,5,10000,0.020708082832331328,1.0,0,0,0
разработка мобильный игра с « нуль »,72,0,True,начальный,3,50,0.11377245508982035,1.0,0,0,0
6 ч .,0,0,False,,0,0,0.02834008097165992,1.0,0,0,0
« цифровой технология в туризм »,72,38,True,базовый,3,2000,0,1,0,0,0
цифровой технология при проектирование здание и сооружение,72,50,True,продвинуть,3,1000,0.021956087824351298,1.0,9,25,1
цифровизация машиностроительный производство,72,50,True,базовый,25,200,0.052772211088844355,0.2,19,77,1
цифровой медиа в образовательный процесс,72,0,True,базовый продвинуть,50,4000,0.07639323731997495,0.14285714285714285,45,167,16
цифровой инструмент в лесомелиорация,72,56,True,базовый,5,1000,0.0013360053440213762,1.0,0,0,0
« проектирование и разработка электронный курс »,72,72,True,начальный,10,10,0.10285714285714286,1.0,0,0,0
цифровой технология специальный вид контроль для предприятие металлообрабатывающий промышленность,72,44,True,базовый,5,15,0.03137651821862348,1.0,0,0,0
электронный таблица как средство анализ данные на предприятие,72,54,True,базовый,5,20,0.02570694087403599,0.5,6,16,0
новый производственный технология при цифровизация электроэнергетический отрасль,72,36,True,базовый,5,5,0.2651821862348178,0.375,39,136,3
цифровой технология контроль геометрический форма с применение контрольно-измерительный машина,72,44,True,базовый,5,10,0.025303643724696356,0.0,1,8,1
программирование логический контроллер в среда codesys 3.5 на язык structured text,72,60,True,базовый,5,500,0.10020040080160321,1.0,0,0,0
веб-разработка,72,65,True,начальный,100,100,0.059452237808951244,1.0,0,0,0
веб-разработка,72,65,True,начальный,100,100,0.059452237808951244,1.0,0,0,0
веб-дизайн,72,36,True,базовый,100,300,0.017142857142857144,1.0,79,164,13
разработка десктопный клиент-серверный приложение для бизнес,72,72,True,базовый,6,12,0.09819639278557114,1.0,0,0,0
использование интернет технология в организация дистанционный обучение,72,51,True,базовый,100,500,0.045714285714285714,1.0,0,0,0
контекстный реклама в яндекс . директ и google ads,78,50,True,базовый,6,50,0.005009392611145898,1.0,0,0,0
менеджмент инцидент кибербезопасность,72,48,True,базовый продвинуть,1,300,0.05398457583547557,0.25,5,19,0
обеспечение безопасность персональный данные при они обработка в информационный система персональный данные,72,38,True,базовый,3,2000,0.033813400125234816,0.8,4,13,2
цифровой технология : введение в продвижение в социальный сеть,72,38,True,базовый,3,2000,0.032388663967611336,1.0,0,0,0
"программирование логический контроллер овен , построение цифровой асу тп и они диспетчеризация",72,60,True,начальный,5,500,0.10020040080160321,1.0,0,0,0
создание виртуальный реальность в среда разработка varwin,72,0,True,начальный,100,100,0.018036072144288578,0.0,19,30,5
"противодействие преступление , совершать с использование информационно-телекоммуникационный технология",72,46,True,базовый продвинуть,1,300,0.02538410153640614,1.0,0,0,0
введение в интернет вещь,72,36,True,начальный,10,100,0.0026720106880427524,1.0,0,0,0
проектирование в система autocad,72,50,True,начальный,10,100,0.044534412955465584,1.0,0,0,0
распределенный и облачный вычисление,72,50,True,начальный,10,100,0.11568123393316196,0.14285714285714285,1,6,1
проектирование цифровой образовательный процесс на платформа office 365,72,38,True,начальный,10,999,0.05263157894736842,1.0,0,0,0
распределенный и облачный вычисление,72,36,True,начальный,100,100,0.12853470437017997,0.25,1,6,1
распределенный и облачный вычисление,72,36,True,начальный,100,100,0.12853470437017997,0.25,1,6,1
обеспечение риск-ориентированный информационный безопасность и защита от внешний угроза,72,36,True,базовый,1,200,0.00939261114589856,1.0,0,0,0
основа виртуальный реальность в unreal engine,72,58,True,начальный,1,200,0.055714285714285716,0.4,15,47,6
основа программирование на язык kotlin ( базовый курс ),72,57,True,базовый,1,1000,0.009352037408149633,1.0,0,0,0
основа android development,72,0,True,начальный,50,4000,0.16142857142857145,0.23076923076923078,76,207,22
технический защита информация . способ и средство защита информация от несанкционированный доступ,72,0,True,базовый,25,4000,0.05134627426424546,1.0,0,0,0
программирование и создание ит-продукт . основа сайтостроение с использование платформа drupal,72,56,True,базовый,100,500,0.07682030728122913,1.0,0,0,0
анализ данные на основа машинный обучение,72,0,True,базовый,15,125,0.058116232464929855,0.3,7,20,1
интеллектуальный анализ текст на основа машинный обучение,72,53,True,базовый,15,105,0.054776219104876414,0.7142857142857143,6,23,5
разработка мобильный приложение на язык java для платформа android,72,0,True,базовый,15,105,0.03206412825651303,0.6,6,17,0
разработка ит-решение на платформа « 1 с : предприятие 8,72,44,True,базовый,100,150,0.06683804627249357,1.0,0,0,0
microsoft office . расширить возможность,76,40,True,начальный,30,500,0.021289918597370065,1.0,0,0,0
контент-маркетинг и продвижение в социальный сеть,72,62,True,базовый,3,3,0.017532874139010644,0.6666666666666666,333,856,96
облачный сервис и технология,74,71,True,базовый,100,1000,0.2056555269922879,0.14285714285714285,7,21,2
"« интернет-маркетолог . основа профессия » . повышение квалификация по профстандарт "" специалист по интернет-маркетинг """,72,62,True,начальный,3,3,0.04857142857142858,1.0,0,0,0
разработка сайт : верстка и программирование на java script,72,50,True,начальный,5,10000,0.09151636606546426,1.0,0,0,0
методика разработка и применение цифровой образовательный ресурс как инструмент формирование цифровой компетенция педагог начальный общий образование,72,42,True,продвинуть,100,999,0.04007514088916718,1.0,0,0,0
основа теория искусственный интеллект,72,36,True,базовый,10,100,0.15230460921843686,1.0,76,318,36
3 d моделирование в дизайн интерьер,72,46,True,базовый,7,500,0.029940119760479042,1.0,41,123,5
дополнительный профессиональный программа ( программа повышение квалификация ) “ crash-курс ” по информационный безопасность,72,61,True,базовый,100,300,0.05655526992287918,1.0,0,0,0
технический защита информация и обеспечение безопасность персональный данные в центр « мой документ »,72,72,True,базовый,100,10000,0.058860363180964305,1.0,0,0,0
администрирование информационный безопасность,72,0,True,базовый,100,200,0.02271209084836339,0.6666666666666666,3,16,3
построение система ip-телефонии на база ip-атс asterisk ( расширить курс ),72,56,True,продвинуть,8,30,0.03744939271255061,1.0,0,0,0
big data в вуз,72,57,True,базовый,1,1000,0.3469004383218534,0.7333333333333333,12,32,7
bim : технология информационный моделирование в работа экономист и инженер-сметчик,72,40,True,базовый,10,500,0.051972448340638695,1.0,0,0,0
дополнительный профессиональный программа повышение квалификация « изготовление прототип »,72,50,True,базовый,5,50,0.017142857142857144,1.0,0,0,0
дополнительный профессиональный программа повышение квалификация « интернет вещь »,72,32,True,базовый,20,40,0.10206637445209768,1.0,0,0,0
дополнительный профессиональный программа повышение квалификация « технология виртуальный и дополнить реальность в образование школьник »,72,72,True,базовый,5,5,0.059880239520958084,1.0,0,0,0
комплексный обеспечение безопасность информация и основа защита персональный данные в образовательный учреждение,72,72,True,базовый,100,10000,0.06169665809768638,0.3333333333333333,21,73,3
big data в медицина,72,57,True,базовый,1,2000,0.3469004383218534,1.0,0,0,0
основа кибербезопасность для пользователь информационный система,72,72,True,базовый,100,500,0.09511568123393314,1.0,0,0,0
« практический анализ данные »,72,41,True,базовый,100,100,0.2511690046760188,1.0,0,0,0
бизнес-анализ и системный анализ в it,72,52,True,начальный,20,500,0.01736806947227789,1.0,40,115,7
blockchain : концепция новый цифровой экономика,72,41,True,базовый,8,8,0.10958046336881654,1.0,0,0,0
браузерный интерфейс прикладной программирование ( api ),72,0,False,базовый,1,1000,0.017368069472277887,1.0,0,0,0
введение в веб-разработка на язык javascript,72,50,False,базовый,1,1000,0.015364061456245822,0.875,63,291,54
« технология веб-дизайн и разработка »,72,44,True,базовый,100,150,0.08617234468937875,1.0,0,0,0
pr и брендинг в цифровой среда,72,72,True,начальный,10,10000,0.08782435129740518,0.6666666666666666,44,100,13
защита персональный данные,74,0,True,базовый,100,1000,0.0638697557921102,0.25,17,60,5
« знакомство с machine learning »,72,48,True,начальный,100,100,0.17100868403473615,1.0,0,0,0
организация работа с государственный информационный система и цифровой платформа по вопрос обращение и взаимодействие с гражданин,72,38,True,базовый,100,1000,0.11823647294589178,1.0,0,0,0
интернет-маркетинг : ключевой инструмент привлечение клиент,73,60,False,базовый,100,100,0.014696058784235135,1.0,0,0,0
современный технология проектирование электроника в условие цифровой экономика,72,48,True,продвинуть,100,250,0.015364061456245824,0.3333333333333333,1,13,0
компьютерный графика,72,38,True,базовый,8,30,0.02004008016032064,1.0,0,0,0
сельский хозяйство 4.0 : технология интернет вещь в сельский хозяйство,72,36,True,начальный,1,100,0.11032388663967613,1.0,0,0,0
новый производственный технология,72,52,True,начальный,10,300,0.08997429305912596,0.7142857142857143,12,43,2
искусственный интеллект в образование : реальность и перспектива,72,0,True,базовый,100,500,0.03273213092852372,1.0,0,0,0
« основа управление ит-проект »,72,38,True,базовый,30,500,0.09329993738259236,1.0,0,0,0
основа цифровой маркетинг : инструмент и технология,72,52,True,базовый,60,100,0.008016032064128258,1.0,0,0,0
цифровой маркетинг ( digital-маркетинг ),72,0,True,базовый,15,1000,0.012024048096192386,1.0,0,0,0
применение технология искусственный интеллект в система управление проект,72,72,True,базовый,100,10000,0.038744154976619906,0.7777777777777778,14,43,2
машинный обучение и искусственный интеллект,72,54,True,базовый,15,120,0.19305277221108885,0.4,4,13,1
программный решение для бизнес,72,72,True,базовый,10,999,0.0419536631183469,0.6,0,5,0
проектирование и реализация родительский просвещение в условие цифровой образовательный среда,72,0,True,базовый,10,999,0.041916167664670656,1.0,0,0,0
разработчик python . базовый уровень,80,55,True,начальный,20,500,0.10554442217768871,1.0,0,0,0
сайт от идея до первый продажа,72,55,True,начальный,1,2000,0.004285714285714286,1.0,156,363,50
основа цифровой маркетинг для продвижение стартап-проект,72,72,True,базовый,50,10000,0.01068804275217101,1.0,3,7,0
современный цифровой электронный система получение и обработка электрорадиоизмерительный информация,72,36,True,продвинуть,5,150,0.04320601127113338,1.0,0,0,0
технология цифровой образование,72,0,True,базовый,10,999,0.10425101214574899,0.75,179,456,30
цифровой инструментарий и дизайн в профессиональный деятельность педагог и бизнес-тренер,72,52,True,базовый,10,100,0.06950532247964933,0.4,89,354,22
цифровой дизайн,72,0,True,базовый,100,300,0.008016032064128256,1.0,32,85,15
цифровой дизайн электронный ( онлайн ) курс,74,0,True,базовый,100,1000,0.022542266750156536,1.0,0,0,0
цифровой маркетинг ( digital-маркетинг ),74,0,True,базовый,15,1000,0.10222672064777329,1.0,0,0,0
"цифровой маркетинг и продвижение для организация сервис , туризм и массовый обслуживание",72,50,True,базовый,1,100,0.021916092673763304,1.0,0,0,0
цифровой маркетинг,72,0,True,базовый,100,300,0.027142857142857142,0.0,11,25,1
« цифровой маркетинг и медиа »,72,42,True,начальный,100,100,0.0708502024291498,1.0,0,0,0
"bim : экспертиза проект , выполнить с применение технология информационный моделирование",72,40,True,базовый,10,500,0.06825297432686286,1.0,0,0,0
электроника и радиотехника,72,36,True,начальный,100,100,0.02056555269922879,1.0,10,54,4
эффективный работа с данные в microsoft excel,72,72,True,базовый,100,500,0.20242914979757087,0.625,130,322,35
« основа цифровой дизайн »,72,69,True,базовый,15,120,0.005714285714285714,1.0,0,0,0
« основа цифровой дизайн »,72,72,True,базовый,85,120,0.0033400133600534404,1.0,0,0,0
продуктовый аналитика,72,72,True,базовый,4,1000,0.1853475266123982,0.6923076923076923,42,82,9
автоматизированный тестирование программный обеспечение,72,44,True,базовый,1,30,0.05668016194331983,1.0,1,3,0
модульный тестирование программный обеспечение,72,50,True,базовый,1,30,0.058704453441295545,1.0,0,0,0
тестирование мобильный приложение,72,50,True,базовый,1,30,0.09285714285714285,0.2857142857142857,0,2,0
разработка веб-портал на wordpress,72,64,True,начальный,1,200,0.042579837194740136,0.8333333333333334,30,87,12
рентгеновский компьютерный томография в производственный технология,72,63,True,базовый,25,100,0.008684034736138943,1.0,10,51,3
smm в спорт,72,48,True,начальный,100,999,0.0167000668002672,1.0,0,0,0
современный курсостроение : практический модуль,72,0,True,начальный,20,100000,0.01878522229179712,1.0,0,0,0
современный технология прикладной программирование,72,48,True,базовый,15,50,0.15090795241077018,0.7142857142857143,10,28,2
технология облачный вычисление,72,36,True,базовый,1,500,0.06940874035989718,1.0,0,0,0
тренер-аналитик ( киберспорт ),72,48,True,базовый,100,300,0.0394121576486306,1.0,0,0,0
"управление по agile : scrum , kanban , lean",72,72,True,базовый,4,1000,0.03941215764863059,1.0,0,0,0
управление служба корпоративный компьютерный сеть,72,40,True,базовый,5,30,0.024716098864395457,1.0,5,22,0
цифровой платформа коммерциализация ниокра,72,41,True,базовый,10,200,0.022542266750156543,0.0,4,8,0
язык программирование с + +,72,44,True,базовый,25,200,0.06169665809768638,1.0,0,0,0
кибербезопасность и защита корпоративный сеть,72,42,True,продвинуть,100,150,0.0419536631183469,0.25,11,25,2
разработка интернет-приложение на платформа c # asp . net mvc,72,60,True,продвинуть,5,50,0.04627249357326479,1.0,0,0,0
основа программирование на python,72,0,True,начальный,100,120,0.06813627254509018,0.5,57,185,34
защита персональный данные в организация,72,0,True,базовый,15,1000,0.0638697557921102,0.625,78,266,14
облачный сервис и технология в цифровой экономика,72,71,True,базовый,15,1000,0.2056555269922879,0.42857142857142855,21,60,3
цифровой дизайн онлайн-курс,72,0,True,базовый,15,1000,0.022542266750156536,1.0,0,0,0
« проектирование многосторонний платформа оборот цифровой актив »,72,51,True,базовый,15,300,0.06578947368421052,1.0,0,0,0
поэтапный разработка и управление проектирование по »,72,36,True,базовый,5,15,0.03006012024048096,1.0,0,0,0
цифровой маркетинг для предприниматель,72,36,True,базовый,10,200,0.08954289292423293,1.0,0,0,0
цифровой маркетинг для самозанятой,72,36,True,начальный,10,200,0.08954289292423293,0.5555555555555556,32,103,6
практика и методика разработка и применение цифровой образовательный ресурс в деятельность педагог,72,42,True,начальный,10,30,0,1,0,0,0
применение цифровой медиасервис google в профессиональный деятельность педагог,72,60,True,базовый,10,50,0.022267206477732795,1.0,5,36,2
применение цифровой медиасервис в профессиональный деятельность руководитель образовательный организация,72,54,True,базовый,10,50,0.021289918597370068,1.0,0,0,0
введение в аналитика данные : инструмент анализ и визуализация,72,70,True,начальный,10,10000,0.2680025046963056,1.0,0,0,0
аналитик данные : основа профессия,72,72,True,начальный,10,10000,0.19639278557114231,1.0,0,0,0
основа внедрение искусственный интеллект,72,72,True,продвинуть,10,10000,0.11568123393316194,0.0,2,8,0
создание локальный сеть с использование оборудование компания cisco,72,39,True,базовый,25,25,0.04790419161676647,1.0,14,41,2
digital маркетинг,72,50,True,базовый,3,1000,0.05510331872260488,0.2,98,258,23
расширить возможность ms excel,72,50,True,базовый,3,1000,0.06578947368421054,1.0,0,0,0
"программирование в среда owen logic , siemens logo и по протокол dali",72,64,True,базовый продвинуть,5,100,0.04857142857142857,1.0,0,0,0
интернет вещь . новый цифровой реальность в инновация,72,38,True,базовый,100,300,0,1,0,0,0
дополнительный профессиональный образовательный программа повышение квалификация « цифровой маркетинг и медиа »,72,0,True,базовый,20,100,0.04676018704074816,1.0,0,0,0
интернет-маркетинг и digital-стратегии в цифровой экономика,72,0,True,базовый,1,33,0.055103318722604884,0.3333333333333333,85,237,17
16,0,0,False,,0,0,0.018571428571428572,1.0,0,0,0
основа анализ данные и машинный обучение,72,48,True,базовый,15,40,0.2037408149632599,0.6842105263157895,11,21,3
педагогический веб-дизайн,72,59,True,базовый,12,48,0.02629931120851596,1.0,0,0,0
конструирование робототехнический система,72,0,True,начальный,10,20,0.006680026720106881,1.0,0,0,0
системный инженерия : построение информационный система на основа инновационный технология,72,58,True,базовый,12,48,0,1,0,0,0
современный облачный сервис,72,50,True,базовый,10,1000,0.011356045424181695,1.0,0,0,0
цифровизация средний образование : цифровой дидактика и технология формирование образовательный траектория,72,56,True,начальный,12,100,0.042579837194740136,1.0,0,0,0
программирование на язык python,72,56,True,начальный,10,30,0.10888443553774217,1.0,42,130,15
проектирование и разработка презентация,72,50,True,продвинуть,10,45,0.03643724696356275,1.0,46,84,7
программирование плр в среда fbd,72,40,True,базовый продвинуть,5,25,0.006012024048096192,1.0,1,4,0
разработать свой мобильный приложение !,72,52,True,начальный,10,100,0.042752171008684045,1.0,0,0,0
"разработка crm , bpm и erp система . начальный уровень",72,65,True,начальный,100,999,0.01996007984031936,1.0,0,0,0
разработка бизнес-приложение на платформа « 1 с : предприятие 8.3,72,36,True,начальный,1,200,0.0507682030728123,1.0,0,0,0
разработка кроссплатформенный мобильный приложение . начальный уровень,72,66,True,начальный,100,999,0.004676018704074816,1.0,0,0,0
разработка мобильный приложение для оса android с использование визуальный среда редактирование,72,40,True,начальный,1,200,0.00334001336005344,1.0,0,0,0
разработка мобильный приложение на платформа ios,72,72,True,продвинуть,10,20,0.12974051896207583,0.42857142857142855,12,22,2
разработка пользовательский приложение при помощь windows forms ( . net framework ),72,40,True,базовый,5,15,0.010688042752171008,1.0,0,0,0
разработка программный обеспечение на язык c #,72,46,True,базовый,15,60,0.05878423513694056,1.0,0,0,0
разработчик python . начальный уровень,72,56,True,начальный,100,999,0.12082262210796914,1.0,0,0,0
« программирование на язык c # »,82,60,True,базовый,8,500,0.09953239812959253,1.0,0,0,0
"настройка , обновление и конфигурация операционный система",72,64,True,базовый,25,100,0.08483290488431876,1.0,0,0,0
4,72,56,True,базовый,12,24,0.0012523481527864746,1.0,0,0,0
разработка androin-приложений для мобильный устройство,72,54,True,базовый,25,100,0.03807615230460922,1.0,0,0,0
разработка мобильный приложение под android для начинать,72,65,True,базовый,8,500,0.07455012853470437,1.0,0,0,0
разработка программный обеспечение,72,64,True,базовый,25,100,0.07949231796927188,0.4,2,11,0
облачный технология в образование,72,36,True,начальный начальный,100,300,0.06285714285714286,0.25,26,64,2
системный администрирование,108,54,True,базовый,100,100,0.09254498714652956,0.8333333333333334,113,407,44
современный вычислительный и силовой электроника,72,40,True,базовый,10,45,0.07285714285714286,1.0,0,0,0
создание и визуализация электронный курс в система дистанционный обучение ( на пример сдо moodle ),72,36,True,начальный,10,50,0,1,0,0,0
создание ит-продукт в эпоха цифровой экономика,72,42,True,базовый,40,700,0.03757044458359424,1.0,0,0,0
маркетинг в социальный медиа,72,50,True,начальный,7,10,0.06072874493927125,0.6666666666666666,5,15,1
управление проект,72,68,True,начальный,100,999,0.06187624750499002,1.0,0,0,0
цифровой дизайн в adobe photoshop . начальный уровень,72,48,True,начальный,100,999,0.011428571428571429,1.0,0,0,0
цифровой дизайн,72,70,True,базовый,15,60,0.04428571428571429,0.8,32,85,15
цифровой дизайн,72,67,True,базовый,1,1,0.027327935222672066,1.0,32,85,15
название программа,0,0,False,,0,0,0.008016032064128256,1.0,0,0,0
цифровой маркетинг и медиа,72,0,True,базовый,20,150,0.10457107075767064,1.0,66,184,21
цифровой алгоритм в развитие умный город,72,36,True,начальный,1,200,0.021956087824351298,0.0,8,33,1
цифровой сервис и технология в создание онлайн-курс,72,38,True,базовый,10,30,0,1,0,0,0
цифровой сервис создание и интеграция медиаконтент,72,38,True,базовый,10,30,0,1,2,8,0
цифровой средство массовый информация в условие медиаэкономический реальность,72,36,True,начальный,1,200,0,1,0,11,0
цифровой технология в маркетинговый исследование,72,36,True,начальный,1,200,0.025046963055729492,1.0,0,0,0
цифровой технология финансовый грамотность,72,60,True,базовый,10,30,0.024285714285714285,1.0,0,0,0
цифровой маркетинг и медиа,72,66,True,базовый,10,100,0.07138384470882905,0.6,66,184,21
цифровой технология в дизайн и производство одежда и ткань,72,56,True,базовый,10,500,0.057692307692307696,1.0,22,64,4
программирование автоматизировать оборудование,72,61,True,базовый,5,100,0.029940119760479042,1.0,4,15,1
дизайн многостраничный продукция в графический редактор adobe photoshop и adobe indesign,72,48,True,базовый,1,100,0.018571428571428572,1.0,0,0,0
графический дизайн,72,42,True,базовый,1,100,0.018571428571428572,1.0,149,316,39
дизайн графический интерфейс ui / ux,72,58,True,базовый,5,40,0.0708502024291498,1.0,0,0,0
основа трехмерный моделирование,72,55,True,базовый,100,300,0.08183632734530938,0.5,65,164,15
сторителлинг и геймдизайн в мультимедийный приложение,72,36,True,базовый,100,100,0.1217564870259481,0.8,12,33,9
глубокий обучение,72,54,True,базовый,7,15,0.09018036072144288,0.8571428571428571,14,20,0
проектирование реляционный база данные,72,45,True,базовый,5,40,0.09705698184095178,1.0,3,19,2
цифровой технология в индустрия мода,72,60,True,базовый,1,100,0.04285714285714286,0.6666666666666666,5,19,0
« создание инновация в ar и vr »,72,58,True,начальный,42,700,0.07784431137724551,1.0,0,0,0
программирование на с / с + +,72,48,True,базовый,5,40,0.014696058784235138,1.0,0,0,0
цифровой дизайн,72,0,True,базовый,0,0,0,0,0,0,0
